id_reservation;date_reservation;date_arrivee;date_depart;hotel;ville;region;canal;nb_nuits;nb_personnes;montant_total;statut;note_satisfaction
R89583;2025-11-02;02/08/2025;2025-11-24;Rivage Centre-Ville;Brest;Provence-Alpes-Côte d'Azur;Direct;1;6;1283.27;ANNULEE;2
R29008;27/06/2024;18/04/2024;2024-09-25;Rivage Montagne;Lyon;Auvergne-Rhône-Alpes;expedia;3;3;649.1;ANNULEE;
R49137;08/03/2025;21/08/2025;2025-05-16;Rivage Bord de Mer; Lille;Bretagne;Expedia;6;4;1779.74;Realisee;4
R57053;2024-06-02;02/09/2024;2024-12-09;Rivage Centre-Ville;Lille;Auvergne-Rhône-Alpes;Direct;2;2;1695.94;Realisee;3
R92907;09/04/2024;03/10/2024;2024-10-25;Rivage Centre-Ville;nice;Hauts-de-France;Expedia;13;4;1278.46;annulee;4
R20035;22/08/2025;09/03/2025;2025-10-20;Rivage Montagne;Lille;Provence-Alpes-Côte d'Azur;Booking;14;2;1576.27;Realisee;3
R84149;2025-03-10;14/05/2025;2025-04-27;Rivage Montagne;lyon ;Bretagne;expedia;12;1;221,14;REALISEE;2
R46788;11/12/2024;19/05/2024;2024-02-26;Rivage Bord de Mer;lyon ;Auvergne-Rhône-Alpes;direct ;4;1;433.77;Realisee;1
R33601;13/02/2024;18/05/2024;2024-12-26;Rivage Centre-Ville;lyon ;Bretagne;expedia;1;1;2204.27;annulee;5
R72827;2025-06-09;18/02/2025;2025-05-14;Rivage Montagne;Nice;Provence-Alpes-Côte d'Azur;Telephone;12;4;1193.33;Realisee;3
R30640;08/07/2024;16/12/2024;2024-09-13;Rivage Montagne;NICE;Hauts-de-France;Booking;4;6;1028.67;realisee;4
R35011;25/06/2025;13/09/2025;2025-10-07;Rivage Bord de Mer;Nice;Bretagne;Booking;9;3;872.98;realisee;1
R36674;2024-07-22;20/08/2024;2024-06-06;Rivage Montagne;Lille;Hauts-de-France;expedia;4;4;1105.47;REALISEE;3
R12466;21/09/2024;01/01/2024;2024-12-12;Rivage Centre-Ville;nice;Hauts-de-France;direct ;6;1;1799.01;annulee;1
R12137;28/08/2025;03/01/2025;2025-11-24;Rivage Montagne;Lyon;Hauts-de-France;direct ;9;5;1216.18;ANNULEE;3
R16315;2025-09-22;05/11/2025;2025-06-02;Rivage Centre-Ville;Brest;Bretagne;Telephone;13;1;-576.72;realisee;1
R56981;24/05/2025;09/04/2025;2025-07-19;Rivage Montagne; Lille;Provence-Alpes-Côte d'Azur;Booking;9;1;1205.41;ANNULEE;3
R69421;13/12/2024;26/02/2024;2024-04-28;Rivage Bord de Mer;Nice ;Bretagne;telephone;4;1;198.45;REALISEE;2
R72954;2025-09-06;12/05/2025;2025-09-16;Rivage Bord de Mer;NICE;Hauts-de-France;expedia;2;5;1220.74;Realisee;4
R76197;12/10/2024;12/02/2024;2024-07-15;Rivage Bord de Mer;lyon ;Bretagne;telephone;1;6;2476,33;Realisee;2
R96752;12/04/2025;24/03/2025;2025-06-17;Rivage Centre-Ville;Nice;Provence-Alpes-Côte d'Azur;Expedia;9;3;672.34 €;REALISEE;
R77646;2024-07-24;24/12/2024;2024-01-11;Rivage Montagne;Nice ;Hauts-de-France;Telephone;13;4;1687.72;ANNULEE;2
R75942;27/11/2024;21/09/2024;2024-01-05;Rivage Centre-Ville;lyon ;Provence-Alpes-Côte d'Azur;Telephone;6;1;229.61;ANNULEE;
R24487;01/09/2024;06/10/2024;2024-01-20;Rivage Bord de Mer;lyon ;Bretagne;Telephone;9;3;2050.44;Realisee;2
R69360;2025-02-27;08/06/2025;2025-06-15;Rivage Bord de Mer;Lille;Bretagne;Direct;6;5;487.32;ANNULEE;3
R67705;21/11/2024;19/10/2024;2024-09-20;Rivage Montagne; Lille;Hauts-de-France;Direct;6;2;2281.16;annulee;3
R85220;25/06/2024;20/05/2024;2024-02-02;Rivage Centre-Ville; Lille;Auvergne-Rhône-Alpes;Telephone;6;;360.93;realisee;3
R62336;2025-03-13;17/01/2025;2025-05-10;Rivage Centre-Ville;Nice;Provence-Alpes-Côte d'Azur;Booking;11;1;1509.82;realisee;3
R54859;17/11/2024;12/09/2024;2024-08-11;Rivage Montagne;Lyon;Bretagne;Telephone;4;3;255.43;Realisee;
R90749;27/10/2024;02/04/2024;2024-07-23;Rivage Centre-Ville;Lyon;Hauts-de-France;Booking;10;3;1955.44;Realisee;1
R26774;2025-03-08;12/02/2025;2025-08-22;Rivage Montagne;NICE;Auvergne-Rhône-Alpes;Telephone;8;5;1802.08;annulee;
R82234;20/03/2024;27/03/2024;2024-12-11;Rivage Centre-Ville;Lille;Auvergne-Rhône-Alpes;telephone;5;6;1493.88 €;Realisee;5
R69904;27/09/2024;03/10/2024;2024-08-11;Rivage Montagne;Brest;Bretagne;Direct;6;3;-540.69;REALISEE;1
R60833;2025-06-14;26/01/2025;2025-05-09;Rivage Montagne;Lyon;Bretagne;Expedia;9;1;1503.13;REALISEE;4
R21731;26/09/2025;01/12/2025;2025-07-07;Rivage Centre-Ville;NICE;Hauts-de-France;direct ;4;5;1524.34;annulee;5
R97258;28/01/2025;10/01/2025;2025-06-19;Rivage Bord de Mer;nice;Hauts-de-France;Booking;9;4;907.03;ANNULEE;2
R76642;2025-03-14;09/11/2025;2025-03-01;Rivage Bord de Mer;Lille;Bretagne;direct ;11;6;1886.43;REALISEE;5
R14222;22/06/2024;19/12/2024;2024-06-21;Rivage Centre-Ville;Brest;Hauts-de-France;direct ;10;1;94.8;realisee;3
R27359;27/08/2025;02/09/2025;2025-05-26;Rivage Montagne;Nice;Hauts-de-France;Booking;4;4;1602.41 €;realisee;1
R50462;2024-08-03;24/10/2024;2024-06-28;Rivage Bord de Mer;Nice;Bretagne;expedia;3;5;1376,75;Realisee;5
R25948;17/08/2024;19/12/2024;2024-07-23;Rivage Centre-Ville;Nice;Bretagne;expedia;7;2;873.75;annulee;5
R91808;08/08/2024;22/11/2024;2024-06-18;Rivage Centre-Ville;NICE;Hauts-de-France;Telephone;13;3;1544.41;Realisee;4
R86645;2025-07-01;26/01/2025;2025-12-16;Rivage Bord de Mer;lyon ;Bretagne;direct ;4;2;1041.44;annulee;3
R35254;14/05/2025;26/01/2025;2025-02-24;Rivage Montagne;lyon ;Hauts-de-France;telephone;14;1;665.23;realisee;3
R39884;10/08/2025;18/11/2025;2025-07-08;Rivage Bord de Mer;NICE;Bretagne;Booking;2;1;1445.13;realisee;4
R88897;2025-02-20;16/11/2025;2025-08-12;Rivage Montagne; Lille;Bretagne;Booking;11;1;1081.6;annulee;3
R61076;04/11/2025;11/02/2025;2025-01-07;Rivage Bord de Mer;lyon ;Hauts-de-France;Booking;14;6;1841.11;ANNULEE;3
R54344;06/04/2025;24/12/2025;2025-02-25;Rivage Bord de Mer;NICE;Hauts-de-France;direct ;4;1;1435.92;Realisee;3
R60632;2025-11-09;17/11/2025;2025-09-09;Rivage Bord de Mer;Nice;Provence-Alpes-Côte d'Azur;expedia;2;4;668.35;annulee;
R15436;27/12/2025;21/03/2025;2025-01-18;Rivage Montagne;Nice;Provence-Alpes-Côte d'Azur;Direct;9;;1818.48;ANNULEE;5
R53321;23/11/2024;04/02/2024;2024-04-16;Rivage Montagne;nice;Provence-Alpes-Côte d'Azur;expedia;6;3;1787.45;Realisee;1
R97380;2024-06-03;06/05/2024;2024-06-12;Rivage Centre-Ville;NICE;Auvergne-Rhône-Alpes;Telephone;8;3;1245.14;realisee;3
R36127;23/12/2024;06/07/2024;2024-10-13;Rivage Montagne;Brest;Hauts-de-France;Telephone;1;1;860.27;annulee;4
R41372;27/10/2024;23/08/2024;2024-04-06;Rivage Montagne;Nice ;Auvergne-Rhône-Alpes;Expedia;1;4;1903.4;ANNULEE;1
R61433;2024-07-10;11/09/2024;2024-10-25;Rivage Montagne;Brest;Hauts-de-France;Expedia;9;5;614.36;ANNULEE;
R78668;28/01/2025;24/12/2025;2025-03-08;Rivage Bord de Mer;Lyon;Hauts-de-France;Telephone;14;3;1302.36;Realisee;5
R32970;03/10/2024;23/11/2024;2024-12-05;Rivage Centre-Ville;Nice;Hauts-de-France;Expedia;3;4;2172.64;realisee;
R55799;2025-01-26;16/06/2025;2025-08-05;Rivage Montagne;NICE;Hauts-de-France;Direct;4;6;2301.86;Realisee;4
R71094;23/12/2024;17/01/2024;2024-05-18;Rivage Montagne;lyon ;Hauts-de-France;telephone;2;3;1899.94;Realisee;1
R80209;08/06/2024;26/12/2024;2024-06-15;Rivage Montagne;NICE;Hauts-de-France;Booking;8;5;872.14;annulee;3
R42040;2025-10-28;13/06/2025;2025-03-17;Rivage Bord de Mer;Nice ;Auvergne-Rhône-Alpes;Direct;7;4;2219.63;realisee;1
R37311;21/10/2024;10/06/2024;2024-08-24;Rivage Montagne;Lille;Bretagne;Booking;5;3;1750.11;annulee;3
R36700;17/04/2025;10/10/2025;2025-03-23;Rivage Montagne; Lille;Bretagne;direct ;8;2;106.11;annulee;4
R38066;2025-05-22;26/03/2025;2025-03-19;Rivage Montagne;Nice;Hauts-de-France;direct ;5;2;1470.65;Realisee;4
R27457;15/08/2024;22/02/2024;2024-02-03;Rivage Centre-Ville;Nice;Bretagne;Expedia;3;2;375.62;realisee;5
R29167;20/06/2024;05/09/2024;2024-06-08;Rivage Bord de Mer;Lille;Auvergne-Rhône-Alpes;Telephone;7;3;2202,79;annulee;5
R37419;2024-08-22;19/03/2024;2024-01-01;Rivage Centre-Ville;Nice;Hauts-de-France;Booking;6;1;1041.56;REALISEE;5
R48300;09/01/2025;06/08/2025;2025-10-17;Rivage Montagne;NICE;Bretagne;Booking;13;3;898.94;Realisee;4
R96513;28/01/2025;01/09/2025;2025-01-24;Rivage Bord de Mer;Nice ;Hauts-de-France;telephone;4;5;2092.79;realisee;
R70318;2024-11-21;07/01/2024;2024-10-27;Rivage Montagne;Lille;Auvergne-Rhône-Alpes;Booking;4;6;1127.28;ANNULEE;5
R50162;15/10/2024;05/03/2024;2024-10-16;Rivage Bord de Mer;lyon ;Bretagne;Telephone;2;3;427.69;realisee;
R50584;09/04/2025;11/04/2025;2025-12-25;Rivage Montagne;Lille;Hauts-de-France;Telephone;10;5;1586.76;REALISEE;
R63353;2024-08-08;17/07/2024;2024-07-18;Rivage Centre-Ville;Lille;Hauts-de-France;expedia;10;1;1561.25 €;Realisee;3
R46728;19/04/2024;11/10/2024;2024-07-04;Rivage Montagne;Brest;Bretagne;direct ;13;6;1776.88;Realisee;1
R54003;24/11/2025;15/09/2025;2025-09-04;Rivage Montagne;nice;Hauts-de-France;Telephone;4;4;2210.89;Realisee;1
R71524;2025-03-04;08/12/2025;2025-01-21;Rivage Bord de Mer;NICE;Bretagne;expedia;9;4;1796.11;REALISEE;3
R28339;13/03/2024;17/11/2024;2024-12-27;Rivage Centre-Ville;Lyon;Provence-Alpes-Côte d'Azur;Telephone;6;5;2238.56;annulee;3
R78141;08/12/2024;05/12/2024;2024-03-10;Rivage Bord de Mer;nice;Provence-Alpes-Côte d'Azur;telephone;10;2;2076.8;Realisee;1
R80569;2025-01-14;17/03/2025;2025-08-04;Rivage Centre-Ville;Nice ;Provence-Alpes-Côte d'Azur;Expedia;12;4;805.35;Realisee;3
R75740;23/02/2025;10/09/2025;2025-02-14;Rivage Bord de Mer;Brest;Bretagne;Direct;12;3;2467.48;Realisee;3
R55331;02/01/2024;05/07/2024;2024-12-22;Rivage Bord de Mer;Nice ;Hauts-de-France;telephone;14;6;1405.9;annulee;
R84336;2025-12-27;19/01/2025;2025-03-22;Rivage Bord de Mer;nice;Hauts-de-France;Direct;4;5;1545.07;annulee;4
R82167;01/08/2024;10/06/2024;2024-02-09;Rivage Centre-Ville;Nice ;Provence-Alpes-Côte d'Azur;expedia;8;;2233.94;annulee;4
R91854;26/03/2025;26/02/2025;2025-10-08;Rivage Centre-Ville;Nice ;Bretagne;Telephone;1;6;1148.59;realisee;4
R70323;2025-05-17;07/02/2025;2025-02-11;Rivage Montagne;Lyon;Provence-Alpes-Côte d'Azur;Booking;7;4;1332.6;realisee;4
R33509;04/07/2025;05/07/2025;2025-11-08;Rivage Centre-Ville;Nice ;Provence-Alpes-Côte d'Azur;telephone;11;5;1387.41 €;annulee;1
R53514;10/03/2024;14/03/2024;2024-10-07;Rivage Montagne;Nice;Provence-Alpes-Côte d'Azur;telephone;14;2;1695.58;REALISEE;4
R19409;2024-10-22;18/07/2024;2024-01-26;Rivage Bord de Mer; Lille;Hauts-de-France;telephone;4;1;2434.82;annulee;3
R60084;13/04/2025;17/09/2025;2025-09-10;Rivage Bord de Mer;NICE;Hauts-de-France;Booking;13;3;990.75;ANNULEE;2
R91542;17/10/2025;16/12/2025;2025-10-05;Rivage Centre-Ville;Lyon;Hauts-de-France;direct ;4;1;1808.85;Realisee;1
R80047;2025-02-06;21/03/2025;2025-12-13;Rivage Centre-Ville;Nice ;Provence-Alpes-Côte d'Azur;telephone;1;6;1683.85;REALISEE;3
R37331;10/05/2025;09/04/2025;2025-01-04;Rivage Montagne;Brest;Hauts-de-France;Booking;2;2;255.58;Realisee;3
R56127;04/12/2024;09/05/2024;2024-12-01;Rivage Bord de Mer;Nice ;Hauts-de-France;Expedia;14;1;627.13;Realisee;4
R98583;2024-09-26;28/12/2024;2024-11-03;Rivage Centre-Ville;lyon ;Bretagne;Expedia;2;4;1511.21;annulee;5
R50256;22/05/2025;10/07/2025;2025-03-26;Rivage Montagne; Lille;Hauts-de-France;Booking;7;1;236.36;annulee;5
R96184;14/09/2025;11/04/2025;2025-04-17;Rivage Montagne; Lille;Provence-Alpes-Côte d'Azur;Telephone;13;4;1154.58;realisee;3
R98072;2025-09-01;12/10/2025;2025-09-28;Rivage Bord de Mer;lyon ;Auvergne-Rhône-Alpes;telephone;7;4;541.66;REALISEE;
R37881;18/02/2024;12/04/2024;2024-03-16;Rivage Bord de Mer;nice;Provence-Alpes-Côte d'Azur;Telephone;8;5;1346.76;annulee;
R32236;08/06/2025;11/09/2025;2025-10-14;Rivage Centre-Ville;NICE;Bretagne;direct ;3;4;2329.68;annulee;2
R96702;2024-11-02;18/05/2024;2024-07-11;Rivage Bord de Mer; Lille;Hauts-de-France;expedia;7;6;980.9;Realisee;2
R37477;07/04/2024;08/12/2024;2024-07-12;Rivage Montagne; Lille;Hauts-de-France;telephone;2;1;356.36;annulee;
R97234;26/06/2024;27/08/2024;2024-02-25;Rivage Bord de Mer;Lyon;Hauts-de-France;expedia;5;5;715.84;annulee;4
R79252;2025-02-21;09/06/2025;2025-03-14;Rivage Centre-Ville;Nice ;Provence-Alpes-Côte d'Azur;Direct;12;4;2238.5;Realisee;2
R89230;28/10/2025;19/01/2025;2025-03-24;Rivage Montagne;Lyon;Provence-Alpes-Côte d'Azur;Expedia;13;5;1005.06;realisee;4
R61176;28/12/2025;09/07/2025;2025-12-17;Rivage Bord de Mer;lyon ;Auvergne-Rhône-Alpes;Expedia;9;3;397.82;realisee;4
R47551;2024-01-02;07/05/2024;2024-04-12;Rivage Centre-Ville;Nice ;Hauts-de-France;Booking;8;6;1411.28;annulee;2
R96527;03/06/2024;20/01/2024;2024-03-12;Rivage Bord de Mer;Brest;Hauts-de-France;direct ;11;2;1590.71;realisee;5
R80862;20/12/2025;05/04/2025;2025-01-23;Rivage Montagne;Brest;Auvergne-Rhône-Alpes;Telephone;9;6;359.01;REALISEE;4
R37286;2025-02-18;09/07/2025;2025-04-16;Rivage Centre-Ville; Lille;Provence-Alpes-Côte d'Azur;Booking;11;2;2404.35;REALISEE;1
R23284;28/10/2024;03/03/2024;2024-02-10;Rivage Centre-Ville;lyon ;Bretagne;Telephone;13;6;1468.93;realisee;2
R19733;04/10/2024;16/02/2024;2024-03-21;Rivage Centre-Ville;nice;Auvergne-Rhône-Alpes;direct ;6;3;2336.87;REALISEE;3
R57463;2025-09-17;25/06/2025;2025-02-27;Rivage Centre-Ville;Nice ;Hauts-de-France;Direct;12;6;1400.21;Realisee;2
R74795;08/06/2024;23/09/2024;2024-10-10;Rivage Montagne;Nice;Provence-Alpes-Côte d'Azur;telephone;3;2;839.72;ANNULEE;
R19640;04/11/2024;07/05/2024;2024-02-06;Rivage Centre-Ville;NICE;Hauts-de-France;Expedia;9;1;1968.32;ANNULEE;3
R88847;2025-07-06;04/05/2025;2025-12-03;Rivage Bord de Mer; Lille;Hauts-de-France;telephone;11;6;298.37;Realisee;
R55498;21/02/2025;12/04/2025;2025-02-19;Rivage Montagne; Lille;Hauts-de-France;telephone;9;4;994,98;ANNULEE;3
R94743;20/03/2025;14/10/2025;2025-09-01;Rivage Bord de Mer;Nice;Bretagne;Telephone;5;5;2196.74;ANNULEE;4
R16082;2025-06-25;24/12/2025;2025-09-06;Rivage Centre-Ville;nice;Hauts-de-France;Direct;1;5;908.22;realisee;5
R36520;09/05/2025;22/03/2025;2025-12-03;Rivage Montagne;lyon ;Hauts-de-France;Booking;3;2;1267.5;ANNULEE;4
R33807;15/08/2024;04/01/2024;2024-10-13;Rivage Centre-Ville;Brest;Provence-Alpes-Côte d'Azur;telephone;10;1;1815.86;realisee;1
R66760;2025-06-11;16/03/2025;2025-10-09;Rivage Montagne;Brest;Bretagne;Expedia;13;6;582.32;realisee;
R49898;07/06/2024;01/12/2024;2024-09-13;Rivage Centre-Ville;Brest;Bretagne;expedia;13;6;664.67;annulee;4
R42427;24/11/2024;15/08/2024;2024-07-24;Rivage Montagne;nice;Hauts-de-France;Expedia;3;2;446.35;annulee;2
R22668;2025-04-24;10/11/2025;2025-01-16;Rivage Bord de Mer;NICE;Provence-Alpes-Côte d'Azur;Expedia;2;4;1140.69;realisee;
R25897;28/11/2025;16/09/2025;2025-08-27;Rivage Montagne;Brest;Provence-Alpes-Côte d'Azur;telephone;6;5;1815.89;ANNULEE;1
R30978;04/07/2024;16/04/2024;2024-05-18;Rivage Montagne;Nice;Bretagne;Booking;9;1;1742.29;annulee;4
R64545;2024-03-15;18/09/2024;2024-08-02;Rivage Centre-Ville;nice;Auvergne-Rhône-Alpes;expedia;8;4;133.39;annulee;5
R65723;16/08/2024;19/05/2024;2024-08-07;Rivage Bord de Mer;nice;Provence-Alpes-Côte d'Azur;expedia;1;6;2468.24;REALISEE;4
R16733;21/02/2025;27/07/2025;2025-04-28;Rivage Bord de Mer;Lille;Auvergne-Rhône-Alpes;Expedia;3;3;2074.69;REALISEE;1
R73219;2025-11-02;11/04/2025;2025-10-03;Rivage Bord de Mer;lyon ;Hauts-de-France;direct ;12;2;673.26;REALISEE;4
R96726;10/02/2024;15/05/2024;2024-11-17;Rivage Bord de Mer;NICE;Bretagne;Telephone;7;4;2297.52;Realisee;
R93532;26/05/2024;23/09/2024;2024-02-17;Rivage Montagne;NICE;Bretagne;Direct;12;6;1839.01 €;REALISEE;1
R98607;2024-05-28;15/04/2024;2024-09-15;Rivage Montagne; Lille;Provence-Alpes-Côte d'Azur;telephone;2;6;1487.56;REALISEE;5
R63942;19/08/2025;25/03/2025;2025-04-11;Rivage Bord de Mer;NICE;Bretagne;Telephone;11;4;886.4;Realisee;3
R98054;03/01/2024;23/09/2024;2024-04-25;Rivage Centre-Ville;Lille;Auvergne-Rhône-Alpes;Telephone;3;;2297.99;REALISEE;1
R82350;2025-10-23;13/02/2025;2025-07-02;Rivage Centre-Ville;Lyon;Auvergne-Rhône-Alpes;telephone;4;5;217.42;Realisee;
R27935;06/03/2024;22/03/2024;2024-12-28;Rivage Centre-Ville;Brest;Hauts-de-France;Expedia;11;3;624.08;Realisee;5
R75519;04/04/2024;27/02/2024;2024-11-26;Rivage Montagne;Lyon;Hauts-de-France;Direct;1;4;1147.83;realisee;2
R88547;2024-05-15;12/03/2024;2024-10-21;Rivage Centre-Ville;Nice ;Provence-Alpes-Côte d'Azur;Direct;6;4;1993.56;REALISEE;
R54824;05/11/2025;15/07/2025;2025-01-18;Rivage Centre-Ville;NICE;Auvergne-Rhône-Alpes;Booking;14;;655.11;ANNULEE;2
R52204;05/03/2024;03/06/2024;2024-07-08;Rivage Centre-Ville;Brest;Auvergne-Rhône-Alpes;direct ;13;2;1590.89;ANNULEE;4
R17167;2025-04-06;17/06/2025;2025-05-13;Rivage Centre-Ville;Nice ;Provence-Alpes-Côte d'Azur;Direct;11;1;181.07;annulee;3
R39570;09/03/2025;09/11/2025;2025-01-24;Rivage Bord de Mer;lyon ;Auvergne-Rhône-Alpes;direct ;4;3;510.77;Realisee;5
R40391;10/11/2024;06/05/2024;2024-10-10;Rivage Bord de Mer;Lyon;Auvergne-Rhône-Alpes;telephone;9;5;554.69 €;REALISEE;3
R66856;2025-03-16;19/10/2025;2025-12-14;Rivage Montagne;nice;Provence-Alpes-Côte d'Azur;Booking;7;3;926.02;ANNULEE;5
R40317;20/04/2025;26/07/2025;2025-01-06;Rivage Bord de Mer;NICE;Hauts-de-France;Booking;2;4;1885.58;REALISEE;4
R35230;14/01/2025;05/04/2025;2025-03-15;Rivage Centre-Ville; Lille;Auvergne-Rhône-Alpes;telephone;6;1;1843.94;annulee;1
R81257;2025-02-20;03/01/2025;2025-04-10;Rivage Bord de Mer;Nice ;Auvergne-Rhône-Alpes;expedia;6;2;1907.28;Realisee;4
R76542;21/08/2024;17/12/2024;2024-08-11;Rivage Bord de Mer;Brest;Provence-Alpes-Côte d'Azur;Expedia;4;2;172.43;annulee;2
R70067;18/09/2024;05/12/2024;2024-02-26;Rivage Centre-Ville;Nice;Provence-Alpes-Côte d'Azur;Telephone;9;5;1297.24;ANNULEE;4
R36171;2024-07-14;16/01/2024;2024-02-23;Rivage Centre-Ville;nice;Auvergne-Rhône-Alpes;Direct;12;;2157.12;annulee;5
R50884;19/01/2024;23/07/2024;2024-02-19;Rivage Bord de Mer;Nice ;Provence-Alpes-Côte d'Azur;Telephone;13;3;508.78;annulee;2
R90927;26/09/2025;22/05/2025;2025-09-26;Rivage Centre-Ville;Nice;Auvergne-Rhône-Alpes;Expedia;7;6;437.2;realisee;1
R35615;2025-07-05;11/09/2025;2025-04-26;Rivage Centre-Ville;NICE;Provence-Alpes-Côte d'Azur;expedia;1;4;347.97;realisee;4
R84498;19/06/2025;19/10/2025;2025-11-02;Rivage Centre-Ville;Lyon;Bretagne;Booking;13;6;1291.45;annulee;2
R55861;25/06/2024;14/08/2024;2024-12-09;Rivage Montagne;Nice;Auvergne-Rhône-Alpes;direct ;4;4;1221.82;realisee;1
R95238;2024-10-08;20/05/2024;2024-01-02;Rivage Bord de Mer;lyon ;Bretagne;Expedia;6;;1359.6;Realisee;4
R99248;07/12/2024;08/01/2024;2024-09-14;Rivage Bord de Mer;NICE;Provence-Alpes-Côte d'Azur;Direct;2;6;1102.95;realisee;5
R54507;20/10/2025;06/03/2025;2025-02-16;Rivage Centre-Ville;Brest;Auvergne-Rhône-Alpes;Direct;9;3;1053.43;Realisee;2
R89178;2024-07-21;21/09/2024;2024-11-06;Rivage Bord de Mer;Brest;Bretagne;Booking;10;4;558.55;ANNULEE;
R90745;25/10/2024;06/11/2024;2024-10-02;Rivage Bord de Mer;Lyon;Bretagne;telephone;12;1;848.2;ANNULEE;2
R47843;15/08/2025;02/01/2025;2025-11-08;Rivage Centre-Ville;Nice;Hauts-de-France;direct ;11;5;670.49;Realisee;2
R47066;2024-10-28;26/05/2024;2024-07-23;Rivage Montagne;Brest;Auvergne-Rhône-Alpes;Expedia;13;5;1583.09;ANNULEE;1
R77273;18/02/2025;23/01/2025;2025-02-04;Rivage Montagne;lyon ;Hauts-de-France;direct ;11;3;615.42;annulee;3
R64368;15/04/2024;10/06/2024;2024-02-23;Rivage Centre-Ville; Lille;Bretagne;expedia;14;3;2234.05;Realisee;5
R86134;2024-11-25;01/10/2024;2024-04-17;Rivage Centre-Ville;NICE;Hauts-de-France;telephone;11;5;1079.02;Realisee;1
R22415;28/06/2024;11/06/2024;2024-07-03;Rivage Bord de Mer;Nice ;Auvergne-Rhône-Alpes;expedia;8;1;1699.47;REALISEE;2
R62841;18/04/2025;12/09/2025;2025-01-12;Rivage Bord de Mer;Lille;Auvergne-Rhône-Alpes;Expedia;3;2;1458.57;ANNULEE;5
R91811;2024-08-22;18/04/2024;2024-07-18;Rivage Bord de Mer;nice;Provence-Alpes-Côte d'Azur;Direct;8;3;443.34;Realisee;
R77773;26/04/2024;16/10/2024;2024-06-18;Rivage Montagne;nice;Hauts-de-France;Expedia;7;2;-1745.12;Realisee;1
R46433;11/10/2025;11/03/2025;2025-12-09;Rivage Bord de Mer;Lille;Auvergne-Rhône-Alpes;telephone;2;2;744.94;realisee;5
R91510;2025-12-17;12/05/2025;2025-06-02;Rivage Bord de Mer;lyon ;Provence-Alpes-Côte d'Azur;direct ;13;4;2315.47;ANNULEE;2
R20950;06/04/2025;03/08/2025;2025-02-23;Rivage Montagne;lyon ;Provence-Alpes-Côte d'Azur;Direct;1;2;494.41;Realisee;3
R97623;10/06/2024;18/10/2024;2024-07-02;Rivage Bord de Mer;Brest;Bretagne;Telephone;4;;265.04;realisee;1
R86591;2024-03-20;09/05/2024;2024-06-10;Rivage Bord de Mer;Lille;Provence-Alpes-Côte d'Azur;direct ;13;1;1537.27;realisee;
R52807;01/07/2025;13/03/2025;2025-01-27;Rivage Centre-Ville;NICE;Bretagne;direct ;9;2;1485.98;annulee;1
R81406;17/05/2025;02/03/2025;2025-02-13;Rivage Montagne;nice;Bretagne;Expedia;11;1;1763.4;ANNULEE;3
R52442;2024-05-24;05/07/2024;2024-08-05;Rivage Bord de Mer;Nice ;Auvergne-Rhône-Alpes;Direct;10;3;1269.83;ANNULEE;4
R52843;13/02/2025;15/01/2025;2025-08-16;Rivage Bord de Mer;Nice;Bretagne;Booking;10;3;1968.55;realisee;3
R11767;05/12/2024;20/10/2024;2024-02-04;Rivage Bord de Mer;Lyon;Hauts-de-France;Direct;10;5;1231.9;ANNULEE;1
R86802;2024-12-13;03/11/2024;2024-05-21;Rivage Bord de Mer;Lille;Provence-Alpes-Côte d'Azur;Direct;1;2;834.49;ANNULEE;2
R45206;11/08/2024;24/05/2024;2024-08-11;Rivage Montagne;Brest;Provence-Alpes-Côte d'Azur;Telephone;5;4;2034.95;REALISEE;3
R52803;03/01/2025;20/09/2025;2025-10-23;Rivage Bord de Mer;Nice ;Bretagne;Booking;5;5;1331.6;ANNULEE;2
R72691;2025-07-02;10/07/2025;2025-10-17;Rivage Centre-Ville;lyon ;Auvergne-Rhône-Alpes;expedia;3;;2229.04;annulee;5
R93972;12/01/2024;26/11/2024;2024-04-07;Rivage Centre-Ville;NICE;Hauts-de-France;Direct;13;;2443.11;ANNULEE;3
R91708;17/12/2024;05/12/2024;2024-09-05;Rivage Montagne;NICE;Bretagne;expedia;14;5;743.2;annulee;5
R89303;2024-07-26;09/02/2024;2024-04-27;Rivage Bord de Mer;Brest;Bretagne;direct ;2;2;229.37;realisee;4
R67504;24/03/2025;24/02/2025;2025-08-06;Rivage Montagne;nice;Hauts-de-France;expedia;11;3;1258.33;annulee;3
R86851;08/03/2025;05/04/2025;2025-11-23;Rivage Montagne;lyon ;Bretagne;telephone;2;2;1911.05;Realisee;5
R13342;2024-01-20;03/11/2024;2024-12-20;Rivage Bord de Mer; Lille;Auvergne-Rhône-Alpes;expedia;5;1;2014.36;ANNULEE;3
R60191;14/06/2024;18/09/2024;2024-03-12;Rivage Bord de Mer;Lyon;Bretagne;telephone;12;2;209.22;ANNULEE;1
R48839;09/10/2024;08/09/2024;2024-06-28;Rivage Bord de Mer;Lille;Provence-Alpes-Côte d'Azur;expedia;1;2;703.66;annulee;5
R74500;2024-04-14;20/03/2024;2024-08-14;Rivage Centre-Ville;Lille;Auvergne-Rhône-Alpes;telephone;1;5;440.43 €;REALISEE;2
R66938;15/01/2025;20/06/2025;2025-03-27;Rivage Centre-Ville;nice;Auvergne-Rhône-Alpes;telephone;13;;2119,99;Realisee;3
R83009;19/10/2025;08/02/2025;2025-05-01;Rivage Bord de Mer;Nice ;Provence-Alpes-Côte d'Azur;Telephone;7;4;1825.7;ANNULEE;4
R40905;2025-01-24;28/05/2025;2025-06-20;Rivage Bord de Mer;NICE;Bretagne;Telephone;4;2;1560,59;Realisee;4
R54926;27/04/2025;03/04/2025;2025-05-18;Rivage Centre-Ville;Lyon;Provence-Alpes-Côte d'Azur;Expedia;11;6;1847.85;Realisee;1
R21773;07/10/2025;28/01/2025;2025-03-02;Rivage Centre-Ville;nice;Provence-Alpes-Côte d'Azur;Direct;14;5;915.41;Realisee;4
R32754;2024-06-16;16/10/2024;2024-04-03;Rivage Bord de Mer;Lyon;Auvergne-Rhône-Alpes;Direct;3;6;1667.58;annulee;4
R99364;28/08/2024;16/03/2024;2024-01-01;Rivage Centre-Ville;Lille;Bretagne;Direct;7;2;1684.13;annulee;2
R65904;20/02/2024;24/01/2024;2024-09-23;Rivage Bord de Mer; Lille;Auvergne-Rhône-Alpes;Direct;13;5;1972.2;Realisee;4
R71327;2025-01-18;14/07/2025;2025-04-19;Rivage Centre-Ville;Nice ;Bretagne;direct ;3;2;2235.49;REALISEE;5
R19334;11/03/2025;09/03/2025;2025-04-10;Rivage Centre-Ville; Lille;Auvergne-Rhône-Alpes;telephone;4;2;2315.44 €;ANNULEE;
R67765;18/08/2025;03/02/2025;2025-01-07;Rivage Centre-Ville; Lille;Bretagne;telephone;10;3;501.88;ANNULEE;1
R22422;2025-06-18;24/07/2025;2025-03-04;Rivage Montagne;lyon ;Auvergne-Rhône-Alpes;Telephone;10;1;1568.12;annulee;4
R75430;17/06/2024;22/03/2024;2024-02-13;Rivage Centre-Ville;NICE;Provence-Alpes-Côte d'Azur;direct ;1;3;844.66;Realisee;
R95601;01/09/2024;13/12/2024;2024-02-07;Rivage Centre-Ville;Nice ;Bretagne;direct ;6;2;1784.62;Realisee;1
R71714;2025-07-11;01/11/2025;2025-09-09;Rivage Centre-Ville;Nice;Hauts-de-France;expedia;6;4;1385.3;annulee;3
R27251;09/03/2024;23/01/2024;2024-09-28;Rivage Centre-Ville;nice;Auvergne-Rhône-Alpes;Telephone;9;5;1747.89;Realisee;
R14511;21/10/2024;09/06/2024;2024-09-05;Rivage Bord de Mer;Lyon;Auvergne-Rhône-Alpes;Expedia;14;5;2002.3;ANNULEE;2
R43631;2025-01-27;13/09/2025;2025-05-26;Rivage Montagne;Lyon;Bretagne;expedia;6;;255.55;realisee;
R48563;11/02/2024;20/02/2024;2024-04-28;Rivage Montagne;Brest;Hauts-de-France;Booking;4;2;1924.52;REALISEE;1
R66597;10/02/2025;10/10/2025;2025-11-04;Rivage Montagne;lyon ;Bretagne;Direct;13;2;225.48;REALISEE;5
R41402;2025-11-16;17/04/2025;2025-02-05;Rivage Montagne;Nice;Bretagne;expedia;6;2;1950.95;annulee;3
R51494;22/09/2024;06/02/2024;2024-06-22;Rivage Centre-Ville;Brest;Auvergne-Rhône-Alpes;Telephone;8;5;234.18;ANNULEE;5
R58963;02/07/2025;23/12/2025;2025-02-03;Rivage Montagne;Brest;Bretagne;direct ;10;1;2102.39;Realisee;3
R83824;2024-11-19;01/09/2024;2024-12-26;Rivage Bord de Mer;Nice;Bretagne;telephone;13;3;470.83;REALISEE;3
R22769;13/04/2025;22/03/2025;2025-02-16;Rivage Bord de Mer; Lille;Provence-Alpes-Côte d'Azur;Telephone;14;2;891.62;realisee;
R47924;17/01/2024;06/08/2024;2024-06-05;Rivage Bord de Mer;Lyon;Auvergne-Rhône-Alpes;Telephone;2;3;687.23;annulee;4
R51534;2024-03-25;03/01/2024;2024-03-08;Rivage Montagne;NICE;Provence-Alpes-Côte d'Azur;Telephone;7;1;782.62;annulee;2
R40418;23/05/2025;02/09/2025;2025-10-20;Rivage Montagne;Nice ;Hauts-de-France;expedia;4;5;2291.41;Realisee;3
R22228;04/12/2025;14/11/2025;2025-08-01;Rivage Centre-Ville;nice;Hauts-de-France;direct ;1;6;-1064,45;REALISEE;4
R27808;2025-04-08;22/06/2025;2025-09-16;Rivage Montagne;Brest;Hauts-de-France;Expedia;5;5;1377.21;Realisee;
R99122;13/05/2025;07/12/2025;2025-03-06;Rivage Centre-Ville;Nice;Auvergne-Rhône-Alpes;telephone;8;2;2294.99;realisee;4
R89692;12/03/2024;20/12/2024;2024-03-04;Rivage Bord de Mer;NICE;Hauts-de-France;Telephone;10;;2372.4;annulee;4
R37331;2025-12-23;10/11/2025;2025-04-21;Rivage Montagne;Nice;Bretagne;telephone;1;1;1462.27;REALISEE;4
R41586;27/12/2025;21/04/2025;2025-09-11;Rivage Montagne;Lyon;Provence-Alpes-Côte d'Azur;Direct;12;2;1601.9;realisee;3
R80885;19/08/2025;13/04/2025;2025-09-16;Rivage Montagne;Nice;Hauts-de-France;Booking;4;6;829.94 €;Realisee;1
R98375;2024-03-07;23/12/2024;2024-03-09;Rivage Montagne;Nice;Bretagne;direct ;9;6;2282.36;ANNULEE;4
R78996;22/11/2024;26/07/2024;2024-06-25;Rivage Centre-Ville;Nice;Hauts-de-France;Expedia;5;6;762.15 €;realisee;5
R56018;16/03/2025;10/07/2025;2025-07-17;Rivage Bord de Mer;lyon ;Provence-Alpes-Côte d'Azur;direct ;12;5;669.25;REALISEE;4
R54917;2024-12-08;28/11/2024;2024-06-14;Rivage Centre-Ville;nice;Provence-Alpes-Côte d'Azur;Direct;10;1;164.07;annulee;5
R57874;15/10/2025;20/07/2025;2025-05-14;Rivage Centre-Ville;Lille;Hauts-de-France;Direct;10;1;2218.62;REALISEE;1
R66441;08/03/2025;28/08/2025;2025-07-17;Rivage Montagne;Nice ;Auvergne-Rhône-Alpes;Booking;5;6;1640.4;annulee;5
R33678;2025-01-18;06/07/2025;2025-04-04;Rivage Centre-Ville;Brest;Hauts-de-France;expedia;10;1;992,79;annulee;5
R47665;13/08/2025;25/11/2025;2025-03-14;Rivage Bord de Mer;Brest;Provence-Alpes-Côte d'Azur;Booking;8;6;2047.96;realisee;1
R70690;26/03/2025;11/08/2025;2025-05-05;Rivage Montagne;nice;Bretagne;telephone;7;3;1126.61;ANNULEE;1
R97918;2024-11-27;19/08/2024;2024-12-13;Rivage Bord de Mer;Lyon;Bretagne;expedia;11;1;2057.8;realisee;3
R28601;22/05/2025;25/12/2025;2025-12-22;Rivage Centre-Ville;Lyon;Provence-Alpes-Côte d'Azur;Telephone;3;1;2065.65;ANNULEE;5
R97565;19/07/2024;06/11/2024;2024-12-22;Rivage Montagne;Nice;Bretagne;Direct;5;3;896.55;REALISEE;1
R89841;2025-02-24;11/09/2025;2025-10-23;Rivage Centre-Ville;Lille;Provence-Alpes-Côte d'Azur;Booking;1;1;1112.6;REALISEE;3
R17328;12/12/2025;22/11/2025;2025-06-10;Rivage Centre-Ville;nice;Provence-Alpes-Côte d'Azur;telephone;13;6;1073.06;Realisee;2
R79027;02/11/2025;08/10/2025;2025-05-13;Rivage Bord de Mer;Lille;Hauts-de-France;Booking;6;1;745.12;realisee;5
R32532;2024-11-19;28/05/2024;2024-11-03;Rivage Centre-Ville;Nice;Hauts-de-France;Booking;2;5;153.48;Realisee;4
R47101;24/01/2025;03/07/2025;2025-08-23;Rivage Montagne;nice;Hauts-de-France;telephone;13;4;88.95;ANNULEE;
R64299;23/11/2024;26/07/2024;2024-07-08;Rivage Montagne;lyon ;Hauts-de-France;direct ;4;5;164.8;annulee;
R55874;2024-02-17;16/06/2024;2024-04-25;Rivage Bord de Mer;nice;Hauts-de-France;Direct;8;3;93.91;ANNULEE;4
R81509;20/09/2024;09/11/2024;2024-11-06;Rivage Centre-Ville;Lille;Bretagne;Expedia;7;2;2243.95;ANNULEE;4
R77430;23/04/2025;23/11/2025;2025-10-25;Rivage Montagne;Brest;Provence-Alpes-Côte d'Azur;Expedia;13;5;87.02;realisee;4
R12974;2025-10-04;17/11/2025;2025-04-04;Rivage Centre-Ville;lyon ;Hauts-de-France;Booking;7;2;1726.82;Realisee;5
R39411;21/12/2025;17/03/2025;2025-10-18;Rivage Montagne;lyon ;Auvergne-Rhône-Alpes;telephone;10;6;731.34;Realisee;5
R86204;20/03/2024;02/07/2024;2024-05-08;Rivage Centre-Ville;Brest;Auvergne-Rhône-Alpes;Telephone;7;6;368.26;ANNULEE;
R44799;2024-10-03;22/01/2024;2024-02-13;Rivage Centre-Ville;Lyon;Provence-Alpes-Côte d'Azur;Booking;12;1;794,88;Realisee;4
R74152;11/03/2025;05/11/2025;2025-12-06;Rivage Centre-Ville;Brest;Bretagne;Telephone;8;6;910.72;annulee;5
R92794;25/06/2024;13/11/2024;2024-07-26;Rivage Bord de Mer;Nice ;Provence-Alpes-Côte d'Azur;direct ;7;5;1653.35;REALISEE;1
R32593;2024-01-17;02/01/2024;2024-07-25;Rivage Montagne;nice;Hauts-de-France;Expedia;11;3;1142.37;ANNULEE;2
R24708;08/12/2025;07/01/2025;2025-04-26;Rivage Centre-Ville;Nice ;Auvergne-Rhône-Alpes;Expedia;13;5;2338.2 €;Realisee;2
R73832;11/10/2025;02/07/2025;2025-06-01;Rivage Centre-Ville; Lille;Hauts-de-France;Direct;3;1;903.69;ANNULEE;
R51447;2025-02-13;21/10/2025;2025-10-13;Rivage Bord de Mer;nice;Bretagne;Direct;6;5;162.1;Realisee;
R22838;24/11/2025;20/04/2025;2025-11-20;Rivage Centre-Ville;NICE;Auvergne-Rhône-Alpes;Direct;2;5;2473.96;annulee;5
R23465;28/06/2024;12/01/2024;2024-07-01;Rivage Bord de Mer;nice;Hauts-de-France;Booking;14;5;2363,68;realisee;2
R55381;2025-05-03;26/05/2025;2025-12-11;Rivage Bord de Mer;Brest;Hauts-de-France;telephone;1;;2307.94;Realisee;
R31140;22/11/2024;25/02/2024;2024-09-05;Rivage Centre-Ville;Nice ;Bretagne;Booking;3;1;1376.29;annulee;2
R73893;10/07/2024;22/08/2024;2024-02-24;Rivage Bord de Mer;Lille;Auvergne-Rhône-Alpes;Telephone;7;1;497.57 €;annulee;3
R36048;2024-08-01;04/08/2024;2024-11-11;Rivage Montagne; Lille;Auvergne-Rhône-Alpes;expedia;8;1;2406.91;realisee;5
R12323;16/01/2025;12/05/2025;2025-10-22;Rivage Montagne;lyon ;Provence-Alpes-Côte d'Azur;expedia;8;;1690.54;Realisee;3
R52898;20/06/2024;20/02/2024;2024-03-15;Rivage Centre-Ville;nice;Auvergne-Rhône-Alpes;Telephone;7;4;635.84;REALISEE;5
R13267;2024-10-13;26/07/2024;2024-05-20;Rivage Centre-Ville;Brest;Bretagne;Telephone;12;;1127.99;annulee;2
R28525;12/11/2025;09/02/2025;2025-06-22;Rivage Centre-Ville;Nice ;Bretagne;Booking;2;5;1121.27;ANNULEE;5
R97024;09/10/2024;04/11/2024;2024-03-03;Rivage Centre-Ville;Lille;Bretagne;Direct;7;2;1113.32;annulee;4
R62804;2025-01-12;09/11/2025;2025-02-25;Rivage Bord de Mer;Lyon;Bretagne;direct ;9;;455.76;realisee;5
R12775;27/11/2024;04/03/2024;2024-04-10;Rivage Montagne;Brest;Auvergne-Rhône-Alpes;direct ;7;;-916,43;REALISEE;4
R15240;16/07/2025;13/08/2025;2025-09-03;Rivage Bord de Mer;nice;Provence-Alpes-Côte d'Azur;Telephone;5;5;614.85;REALISEE;5
R53687;2024-12-12;04/02/2024;2024-05-20;Rivage Bord de Mer;lyon ;Bretagne;Expedia;1;5;2121.42;realisee;
R93656;17/08/2024;21/01/2024;2024-05-14;Rivage Bord de Mer;Brest;Auvergne-Rhône-Alpes;expedia;14;5;2377.79;annulee;3
R59526;14/11/2025;02/11/2025;2025-07-27;Rivage Bord de Mer;lyon ;Provence-Alpes-Côte d'Azur;Expedia;1;2;2419.22 €;realisee;2
R13031;2025-12-09;01/05/2025;2025-02-04;Rivage Bord de Mer;NICE;Bretagne;telephone;11;1;1132.62;Realisee;2
R85496;02/01/2025;26/07/2025;2025-09-24;Rivage Bord de Mer;Lyon;Provence-Alpes-Côte d'Azur;Direct;6;2;1393.02;REALISEE;3
R57989;13/08/2024;06/11/2024;2024-09-14;Rivage Bord de Mer;NICE;Hauts-de-France;expedia;9;3;1131.73;ANNULEE;3
R13095;2024-02-05;21/03/2024;2024-09-18;Rivage Centre-Ville;lyon ;Hauts-de-France;Booking;12;6;2341.31;realisee;5
R62284;02/02/2025;15/12/2025;2025-08-16;Rivage Centre-Ville;Lille;Bretagne;Booking;3;1;1536.69;REALISEE;5
R53615;03/09/2024;01/09/2024;2024-06-28;Rivage Bord de Mer;Lyon;Hauts-de-France;expedia;3;6;722.35;annulee;3
R47267;2025-05-14;01/02/2025;2025-07-20;Rivage Montagne;Lille;Hauts-de-France;Booking;5;1;779.53;annulee;2
R92215;19/05/2025;08/08/2025;2025-09-16;Rivage Montagne;Lille;Auvergne-Rhône-Alpes;direct ;3;4;1018.74;REALISEE;4
R81450;20/01/2024;28/08/2024;2024-10-11;Rivage Bord de Mer;Brest;Provence-Alpes-Côte d'Azur;Direct;10;6;1135.28;REALISEE;2
R18035;2024-08-24;19/05/2024;2024-05-15;Rivage Bord de Mer;Lille;Provence-Alpes-Côte d'Azur;direct ;12;5;208.58;ANNULEE;2
R43227;03/09/2024;25/03/2024;2024-11-21;Rivage Montagne; Lille;Provence-Alpes-Côte d'Azur;Expedia;4;;741.71;REALISEE;5
R76598;06/08/2025;28/09/2025;2025-10-26;Rivage Bord de Mer;Nice ;Auvergne-Rhône-Alpes;Booking;9;;944.13;realisee;5
R47090;2025-11-23;25/09/2025;2025-12-19;Rivage Bord de Mer;Brest;Provence-Alpes-Côte d'Azur;telephone;13;3;2268.6;ANNULEE;3
R61266;27/01/2025;19/06/2025;2025-09-24;Rivage Centre-Ville;Nice;Hauts-de-France;expedia;8;5;1074.7;realisee;5
R65396;26/03/2025;28/07/2025;2025-12-02;Rivage Centre-Ville;nice;Hauts-de-France;Booking;7;2;1957.21;ANNULEE;1
R17042;2025-07-07;23/03/2025;2025-01-22;Rivage Montagne; Lille;Provence-Alpes-Côte d'Azur;Direct;1;3;2229.21;REALISEE;1
R28313;14/09/2025;19/11/2025;2025-10-07;Rivage Bord de Mer;Brest;Hauts-de-France;Telephone;4;5;1638.57;annulee;1
R70898;22/08/2024;06/10/2024;2024-02-09;Rivage Montagne;lyon ;Hauts-de-France;Booking;10;2;2346.0;annulee;
R21797;2024-04-05;25/06/2024;2024-01-28;Rivage Centre-Ville;NICE;Bretagne;Expedia;4;6;1274.29;annulee;1
R25071;13/10/2024;20/08/2024;2024-04-18;Rivage Centre-Ville;Brest;Auvergne-Rhône-Alpes;expedia;7;5;-1996.74;ANNULEE;
R45052;05/02/2025;16/05/2025;2025-11-13;Rivage Montagne; Lille;Auvergne-Rhône-Alpes;Direct;5;2;2379,13;ANNULEE;3
R12882;2025-06-26;04/12/2025;2025-08-05;Rivage Bord de Mer;Lille;Auvergne-Rhône-Alpes;direct ;10;2;2213.34;ANNULEE;5
R18657;02/10/2025;20/05/2025;2025-11-17;Rivage Montagne;Nice;Provence-Alpes-Côte d'Azur;telephone;4;6;1455.23;annulee;5
R29970;17/06/2025;23/09/2025;2025-04-22;Rivage Bord de Mer;Lille;Auvergne-Rhône-Alpes;Telephone;14;2;262.67;Realisee;5
R98607;2024-05-28;15/04/2024;2024-09-15;Rivage Montagne; Lille;Provence-Alpes-Côte d'Azur;telephone;2;6;1487.56;REALISEE;5
R25071;13/10/2024;20/08/2024;2024-04-18;Rivage Centre-Ville;Brest;Auvergne-Rhône-Alpes;expedia;7;5;-1996.74;ANNULEE;
R89841;2025-02-24;11/09/2025;2025-10-23;Rivage Centre-Ville;Lille;Provence-Alpes-Côte d'Azur;Booking;1;1;1112.6;REALISEE;3
R40317;20/04/2025;26/07/2025;2025-01-06;Rivage Bord de Mer;NICE;Hauts-de-France;Booking;2;4;1885.58;REALISEE;4
R62284;02/02/2025;15/12/2025;2025-08-16;Rivage Centre-Ville;Lille;Bretagne;Booking;3;1;1536.69;REALISEE;5
R67705;21/11/2024;19/10/2024;2024-09-20;Rivage Montagne; Lille;Hauts-de-France;Direct;6;2;2281.16;annulee;3
R66856;2025-03-16;19/10/2025;2025-12-14;Rivage Montagne;nice;Provence-Alpes-Côte d'Azur;Booking;7;3;926.02;ANNULEE;5
R77773;26/04/2024;16/10/2024;2024-06-18;Rivage Montagne;nice;Hauts-de-France;Expedia;7;2;-1745.12;Realisee;1
R98607;2024-05-28;15/04/2024;2024-09-15;Rivage Montagne; Lille;Provence-Alpes-Côte d'Azur;telephone;2;6;1487.56;REALISEE;5
R13031;2025-12-09;01/05/2025;2025-02-04;Rivage Bord de Mer;NICE;Bretagne;telephone;11;1;1132.62;Realisee;2
R76642;2025-03-14;09/11/2025;2025-03-01;Rivage Bord de Mer;Lille;Bretagne;direct ;11;6;1886.43;REALISEE;5
R98607;2024-05-28;15/04/2024;2024-09-15;Rivage Montagne; Lille;Provence-Alpes-Côte d'Azur;telephone;2;6;1487.56;REALISEE;5
